time,open,high,low,close,volume,open_interest,amount
2024-02-21 21:00:40,69220.0,69290.0,69220.0,69280.0,114359,140082.0,703993000.0
2024-02-21 21:01:20,69280.0,69290.0,69250.0,69250.0,191718,140054.0,944006000.0
2024-02-21 21:02:00,69260.0,69260.0,69240.0,69250.0,227904,140154.0,1054110000.0
2024-02-21 21:02:40,69240.0,69260.0,69240.0,69250.0,260488,140329.0,1216500000.0
2024-02-21 21:03:20,69240.0,69270.0,69230.0,69240.0,291291,140486.0,1332500000.0
2024-02-21 21:04:00,69240.0,69250.0,69230.0,69250.0,323820,140535.0,1444670000.0
2024-02-21 21:04:40,69250.0,69260.0,69240.0,69250.0,330843,140523.0,1514960000.0
2024-02-21 21:05:20,69250.0,69270.0,69250.0,69270.0,321552,140609.0,1572100000.0
2024-02-21 21:06:00,69270.0,69270.0,69250.0,69250.0,342807,140628.0,1635130000.0
2024-02-21 21:06:40,69250.0,69260.0,69240.0,69240.0,343439,140586.0,1695370000.0
2024-02-21 21:07:20,69240.0,69260.0,69240.0,69240.0,346987,140607.0,1731720000.0
2024-02-21 21:08:00,69240.0,69250.0,69230.0,69240.0,318088,140653.0,1764270000.0
2024-02-21 21:08:40,69240.0,69250.0,69230.0,69240.0,344413,140659.0,1804080000.0
2024-02-21 21:09:20,69240.0,69240.0,69220.0,69240.0,352102,140682.0,1839390000.0
2024-02-21 21:10:00,69240.0,69250.0,69240.0,69250.0,261881,140685.0,1859120000.0
2024-02-21 21:10:40,69250.0,69250.0,69240.0,69240.0,374192,140703.0,1892710000.0
2024-02-21 21:11:20,69240.0,69270.0,69240.0,69260.0,369153,140880.0,1980660000.0
2024-02-21 21:12:00,69260.0,69300.0,69260.0,69290.0,470102,141049.0,2178830000.0
2024-02-21 21:12:40,69300.0,69310.0,69290.0,69300.0,481195,141033.0,2247790000.0
2024-02-21 21:13:20,69300.0,69310.0,69300.0,69300.0,503001,141065.0,2329920000.0
2024-02-21 21:14:00,69300.0,69310.0,69290.0,69300.0,481589,141069.0,2364570000.0
2024-02-21 21:14:40,69300.0,69310.0,69290.0,69290.0,452885,141068.0,2393680000.0
2024-02-21 21:15:20,69290.0,69310.0,69290.0,69300.0,494142,141108.0,2436990000.0
2024-02-21 21:16:00,69300.0,69310.0,69300.0,69300.0,489279,141129.0,2471640000.0
2024-02-21 21:16:40,69300.0,69300.0,69280.0,69290.0,482675,141122.0,2504550000.0
2024-02-21 21:17:20,69290.0,69300.0,69290.0,69290.0,427813,141146.0,2523950000.0
2024-02-21 21:18:00,69290.0,69300.0,69290.0,69300.0,413000,141146.0,2579740000.0
2024-02-21 21:18:40,69300.0,69310.0,69290.0,69300.0,445393,141173.0,2645920000.0
2024-02-21 21:19:20,69300.0,69320.0,69290.0,69320.0,471113,141156.0,2709690000.0
2024-02-21 21:20:00,69320.0,69320.0,69300.0,69300.0,480670,141171.0,2744690000.0
2024-02-21 21:20:40,69310.0,69320.0,69300.0,69320.0,479211,141237.0,2784890000.0
2024-02-21 21:21:20,69320.0,69350.0,69310.0,69350.0,578857,141344.0,2896170000.0
2024-02-21 21:22:00,69350.0,69350.0,69330.0,69350.0,630004,141397.0,3009200000.0
2024-02-21 21:22:40,69350.0,69360.0,69340.0,69350.0,623900,141469.0,3082710000.0
2024-02-21 21:23:20,69350.0,69360.0,69350.0,69360.0,711968,141623.0,3174260000.0
2024-02-21 21:24:00,69350.0,69370.0,69350.0,69350.0,655382,141699.0,3216570000.0
2024-02-21 21:24:40,69350.0,69360.0,69350.0,69360.0,483929,141713.0,3232180000.0
2024-02-21 21:25:20,69350.0,69360.0,69340.0,69340.0,508659,141774.0,3276560000.0
2024-02-21 21:26:00,69340.0,69360.0,69340.0,69350.0,522916,141833.0,3310540000.0
2024-02-21 21:26:40,69350.0,69360.0,69340.0,69350.0,547730,141881.0,3346950000.0
2024-02-21 21:27:20,69360.0,69360.0,69340.0,69340.0,544310,141933.0,3384400000.0
2024-02-21 21:28:00,69340.0,69360.0,69340.0,69350.0,371893,141948.0,3395840000.0
2024-02-21 21:28:40,69360.0,69360.0,69350.0,69360.0,541383,141974.0,3429130000.0
2024-02-21 21:29:20,69360.0,69360.0,69350.0,69350.0,386242,141978.0,3431210000.0
2024-02-21 21:30:00,69350.0,69360.0,69350.0,69350.0,347097,141988.0,3438500000.0
2024-02-21 21:30:40,69350.0,69390.0,69350.0,69380.0,688530,142108.0,3535270000.0
2024-02-21 21:31:20,69380.0,69390.0,69380.0,69390.0,711942,142058.0,3623380000.0
2024-02-21 21:32:00,69390.0,69400.0,69380.0,69400.0,707966,142081.0,3686530000.0
2024-02-21 21:32:40,69400.0,69400.0,69390.0,69400.0,651567,142128.0,3726780000.0
2024-02-21 21:33:20,69400.0,69400.0,69390.0,69390.0,679843,142131.0,3755930000.0
2024-02-21 21:34:00,69390.0,69390.0,69380.0,69380.0,576797,142151.0,3779870000.0
2024-02-21 21:34:40,69380.0,69380.0,69360.0,69370.0,625523,142140.0,3813860000.0
2024-02-21 21:35:20,69360.0,69370.0,69340.0,69360.0,778092,142088.0,3873150000.0
2024-02-21 21:36:00,69360.0,69370.0,69350.0,69360.0,582342,142073.0,3896040000.0
2024-02-21 21:36:40,69360.0,69360.0,69330.0,69350.0,701794,142035.0,3944930000.0
2024-02-21 21:37:20,69350.0,69350.0,69330.0,69340.0,662294,142043.0,3968510000.0
2024-02-21 21:38:00,69340.0,69340.0,69330.0,69340.0,576660,142036.0,4017390000.0
2024-02-21 21:38:40,69340.0,69360.0,69340.0,69360.0,620389,142041.0,4077730000.0
2024-02-21 21:39:20,69360.0,69360.0,69350.0,69360.0,590237,142063.0,4106510000.0
2024-02-21 21:40:00,69360.0,69360.0,69350.0,69350.0,629033,142060.0,4115530000.0
2024-02-21 21:40:40,69350.0,69370.0,69350.0,69370.0,559690,142029.0,4139800000.0
2024-02-21 21:41:20,69370.0,69380.0,69360.0,69360.0,610891,142026.0,4155760000.0
2024-02-21 21:42:00,69360.0,69360.0,69340.0,69350.0,516660,142018.0,4165810000.0
2024-02-21 21:42:40,69350.0,69360.0,69340.0,69350.0,663736,142048.0,4192170000.0
2024-02-21 21:43:20,69350.0,69360.0,69350.0,69360.0,460032,142058.0,4197720000.0
2024-02-21 21:44:00,69360.0,69370.0,69350.0,69360.0,571926,142121.0,4239680000.0
2024-02-21 21:44:40,69360.0,69360.0,69340.0,69340.0,465740,142121.0,4250080000.0
2024-02-21 21:45:20,69340.0,69350.0,69340.0,69350.0,564460,142117.0,4252860000.0
2024-02-21 21:46:00,69350.0,69360.0,69350.0,69350.0,467429,142119.0,4269850000.0
2024-02-21 21:46:40,69350.0,69360.0,69350.0,69350.0,629867,142153.0,4287530000.0
2024-02-21 21:47:20,69350.0,69350.0,69340.0,69340.0,482935,142149.0,4295160000.0
2024-02-21 21:48:00,69340.0,69340.0,69310.0,69310.0,701101,142139.0,4349240000.0
2024-02-21 21:48:40,69320.0,69320.0,69290.0,69300.0,771402,142146.0,4411610000.0
2024-02-21 21:49:20,69300.0,69310.0,69300.0,69300.0,780345,142169.0,4441410000.0
2024-02-21 21:50:00,69300.0,69320.0,69300.0,69310.0,707570,142188.0,4466360000.0
2024-02-21 21:50:40,69310.0,69330.0,69310.0,69330.0,671288,142203.0,4476760000.0
2024-02-21 21:51:20,69320.0,69330.0,69310.0,69320.0,621638,142181.0,4497560000.0
2024-02-21 21:52:00,69320.0,69320.0,69310.0,69310.0,610195,142184.0,4499990000.0
2024-02-21 21:52:40,69320.0,69320.0,69310.0,69320.0,650595,142157.0,4517660000.0
2024-02-21 21:53:20,69320.0,69330.0,69320.0,69320.0,535718,142181.0,4538800000.0
2024-02-21 21:54:00,69320.0,69330.0,69310.0,69320.0,380379,142213.0,4553360000.0
2024-02-21 21:54:40,69320.0,69330.0,69320.0,69320.0,671160,142280.0,4581780000.0
2024-02-21 21:55:20,69320.0,69320.0,69310.0,69320.0,532004,142375.0,4623370000.0
2024-02-21 21:56:00,69320.0,69330.0,69320.0,69330.0,588933,142411.0,4643820000.0
2024-02-21 21:56:40,69330.0,69340.0,69320.0,69340.0,605613,142444.0,4687150000.0
2024-02-21 21:57:20,69330.0,69340.0,69320.0,69330.0,705011,142489.0,4707260000.0
2024-02-21 21:58:00,69330.0,69330.0,69310.0,69330.0,789072,142518.0,4722860000.0
2024-02-21 21:58:40,69330.0,69340.0,69330.0,69340.0,627611,142521.0,4732560000.0
2024-02-21 21:59:20,69340.0,69340.0,69330.0,69330.0,464549,142522.0,4734990000.0
2024-02-21 22:00:00,69330.0,69330.0,69320.0,69330.0,561645,142542.0,4749200000.0
2024-02-21 22:00:40,69330.0,69360.0,69330.0,69350.0,813533,142608.0,4797740000.0
2024-02-21 22:01:20,69350.0,69360.0,69340.0,69360.0,873924,142618.0,4814040000.0
2024-02-21 22:02:00,69360.0,69380.0,69340.0,69380.0,725644,142625.0,4846640000.0
2024-02-21 22:02:40,69380.0,69380.0,69360.0,69360.0,673020,142643.0,4866760000.0
2024-02-21 22:03:20,69360.0,69370.0,69360.0,69370.0,703506,142663.0,4879590000.0
2024-02-21 22:04:00,69370.0,69380.0,69360.0,69370.0,790704,142701.0,4907340000.0
2024-02-21 22:04:40,69370.0,69380.0,69360.0,69360.0,723756,142716.0,4922950000.0
2024-02-21 22:05:20,69360.0,69400.0,69360.0,69400.0,954375,142755.0,4957290000.0
2024-02-21 22:06:00,69400.0,69400.0,69380.0,69380.0,803801,142798.0,4980540000.0
2024-02-21 22:06:40,69380.0,69400.0,69380.0,69390.0,791256,142809.0,4987830000.0
2024-02-21 22:07:20,69390.0,69400.0,69380.0,69390.0,691600,142818.0,4997890000.0
2024-02-21 22:08:00,69390.0,69390.0,69380.0,69380.0,577449,142811.0,5009340000.0
2024-02-21 22:08:40,69380.0,69400.0,69380.0,69380.0,885449,142782.0,5060340000.0
2024-02-21 22:09:20,69380.0,69420.0,69380.0,69420.0,965644,142813.0,5118990000.0
2024-02-21 22:10:00,69410.0,69430.0,69410.0,69420.0,1053152,142860.0,5158210000.0
2024-02-21 22:10:40,69420.0,69430.0,69410.0,69420.0,956250,142889.0,5190490000.0
2024-02-21 22:11:20,69420.0,69430.0,69410.0,69420.0,900714,142913.0,5213050000.0
2024-02-21 22:12:00,69420.0,69450.0,69420.0,69440.0,1187811,143079.0,5332140000.0
2024-02-21 22:12:40,69440.0,69460.0,69440.0,69450.0,1042148,143201.0,5409580000.0
2024-02-21 22:13:20,69450.0,69460.0,69440.0,69450.0,1078928,143234.0,5430760000.0
2024-02-21 22:14:00,69460.0,69460.0,69450.0,69460.0,847731,143257.0,5446040000.0
2024-02-21 22:14:40,69460.0,69460.0,69450.0,69450.0,929202,143279.0,5468270000.0
2024-02-21 22:15:20,69450.0,69460.0,69450.0,69450.0,854527,143314.0,5493270000.0
2024-02-21 22:16:00,69450.0,69450.0,69440.0,69440.0,761378,143325.0,5501950000.0
2024-02-21 22:16:40,69440.0,69440.0,69420.0,69420.0,1067274,143322.0,5546730000.0
2024-02-21 22:17:20,69420.0,69430.0,69420.0,69420.0,915085,143308.0,5571380000.0
2024-02-21 22:18:00,69420.0,69430.0,69420.0,69420.0,594919,143309.0,5574160000.0
2024-02-21 22:18:40,69420.0,69420.0,69410.0,69410.0,887491,143298.0,5603310000.0
2024-02-21 22:19:20,69410.0,69420.0,69400.0,69410.0,614567,143292.0,5608510000.0
2024-02-21 22:20:00,69410.0,69410.0,69410.0,69410.0,728345,143286.0,5613370000.0
2024-02-21 22:20:40,69420.0,69420.0,69410.0,69420.0,632002,143294.0,5618930000.0
2024-02-21 22:21:20,69420.0,69440.0,69410.0,69430.0,827870,143300.0,5635590000.0
2024-02-21 22:22:00,69430.0,69440.0,69430.0,69440.0,716333,143304.0,5652250000.0
2024-02-21 22:22:40,69440.0,69440.0,69420.0,69430.0,685643,143298.0,5661280000.0
2024-02-21 22:23:20,69430.0,69430.0,69420.0,69420.0,735152,143299.0,5663010000.0
2024-02-21 22:24:00,69420.0,69430.0,69420.0,69430.0,555755,143302.0,5667530000.0
2024-02-21 22:24:40,69430.0,69430.0,69420.0,69420.0,556372,143322.0,5680370000.0
2024-02-21 22:25:20,69420.0,69420.0,69410.0,69410.0,606933,143341.0,5692860000.0
2024-02-21 22:26:00,69410.0,69420.0,69400.0,69400.0,676259,143355.0,5724800000.0
2024-02-21 22:26:40,69400.0,69420.0,69400.0,69420.0,711498,143368.0,5750130000.0
2024-02-21 22:27:20,69420.0,69420.0,69410.0,69410.0,813542,143379.0,5760890000.0
2024-02-21 22:28:00,69410.0,69410.0,69400.0,69400.0,631699,143387.0,5765400000.0
2024-02-21 22:28:40,69400.0,69410.0,69400.0,69410.0,716538,143416.0,5793160000.0
2024-02-21 22:29:20,69410.0,69420.0,69410.0,69420.0,618847,143417.0,5802530000.0
2024-02-21 22:30:00,69420.0,69430.0,69420.0,69420.0,637627,143452.0,5819890000.0
2024-02-21 22:30:40,69420.0,69430.0,69410.0,69410.0,873632,143450.0,5825090000.0
2024-02-21 22:31:20,69410.0,69430.0,69410.0,69430.0,926470,143425.0,5850780000.0
2024-02-21 22:32:00,69420.0,69430.0,69410.0,69430.0,777753,143440.0,5867790000.0
2024-02-21 22:32:40,69430.0,69450.0,69430.0,69440.0,644648,143433.0,5890360000.0
2024-02-21 22:33:20,69440.0,69450.0,69440.0,69450.0,748111,143452.0,5897650000.0
2024-02-21 22:34:00,69450.0,69450.0,69430.0,69430.0,886396,143442.0,5918480000.0
2024-02-21 22:34:40,69430.0,69450.0,69430.0,69440.0,957790,143478.0,5936190000.0
2024-02-21 22:35:20,69440.0,69450.0,69440.0,69440.0,822593,143490.0,5940700000.0
2024-02-21 22:36:00,69440.0,69480.0,69440.0,69470.0,1241186,143881.0,6118850000.0
2024-02-21 22:36:40,69470.0,69480.0,69450.0,69450.0,1221639,143880.0,6155320000.0
2024-02-21 22:37:20,69450.0,69460.0,69440.0,69440.0,1209645,143876.0,6174420000.0
2024-02-21 22:38:00,69440.0,69460.0,69440.0,69460.0,997884,143890.0,6179620000.0
2024-02-21 22:38:40,69460.0,69480.0,69450.0,69480.0,1253374,143898.0,6229640000.0
2024-02-21 22:39:20,69480.0,69490.0,69470.0,69490.0,1299408,143942.0,6271680000.0
2024-02-21 22:40:00,69490.0,69490.0,69470.0,69480.0,1104679,143959.0,6286620000.0
2024-02-21 22:40:40,69480.0,69490.0,69470.0,69470.0,872106,143977.0,6309200000.0
2024-02-21 22:41:20,69470.0,69470.0,69460.0,69460.0,983539,143987.0,6322050000.0
2024-02-21 22:42:00,69460.0,69470.0,69460.0,69460.0,675100,143978.0,6327600000.0
2024-02-21 22:42:40,69460.0,69470.0,69460.0,69460.0,730863,143985.0,6338370000.0
2024-02-21 22:43:20,69460.0,69490.0,69460.0,69480.0,970460,144029.0,6365120000.0
2024-02-21 22:44:00,69480.0,69490.0,69470.0,69480.0,937299,144069.0,6380410000.0
2024-02-21 22:44:40,69480.0,69500.0,69480.0,69490.0,1181147,144114.0,6430090000.0
2024-02-21 22:45:20,69490.0,69500.0,69490.0,69500.0,1024662,144265.0,6488120000.0
2024-02-21 22:46:00,69500.0,69500.0,69480.0,69490.0,1049736,144310.0,6506190000.0
2024-02-21 22:46:40,69490.0,69500.0,69490.0,69490.0,939010,144329.0,6513140000.0
2024-02-21 22:47:20,69490.0,69500.0,69490.0,69490.0,1018563,144393.0,6575340000.0
2024-02-21 22:48:00,69490.0,69500.0,69490.0,69500.0,988441,144421.0,6632680000.0
2024-02-21 22:48:40,69500.0,69510.0,69490.0,69500.0,940386,144607.0,6725110000.0
2024-02-21 22:49:20,69500.0,69510.0,69500.0,69500.0,932677,144644.0,6751530000.0
2024-02-21 22:50:00,69500.0,69510.0,69500.0,69510.0,1013783,144680.0,6767170000.0
2024-02-21 22:50:40,69500.0,69530.0,69500.0,69520.0,1238410,144882.0,6858240000.0
2024-02-21 22:51:20,69530.0,69530.0,69510.0,69510.0,1267232,144900.0,6870400000.0
2024-02-21 22:52:00,69510.0,69510.0,69490.0,69510.0,1250494,144937.0,6898200000.0
2024-02-21 22:52:40,69510.0,69510.0,69490.0,69490.0,1235085,144965.0,6916970000.0
2024-02-21 22:53:20,69480.0,69490.0,69460.0,69470.0,1540662,144959.0,6944060000.0
2024-02-21 22:54:00,69470.0,69480.0,69470.0,69470.0,1042972,144946.0,6977060000.0
2024-02-21 22:54:40,69470.0,69480.0,69460.0,69470.0,1210580,144941.0,7013180000.0
2024-02-21 22:55:20,69470.0,69480.0,69470.0,69480.0,1032281,144958.0,7035070000.0
2024-02-21 22:56:00,69480.0,69480.0,69460.0,69470.0,996285,144957.0,7072240000.0
2024-02-21 22:56:40,69470.0,69480.0,69460.0,69460.0,939197,144950.0,7089250000.0
2024-02-21 22:57:20,69460.0,69470.0,69460.0,69460.0,1145990,144951.0,7103490000.0
2024-02-21 22:58:00,69460.0,69470.0,69460.0,69470.0,1147885,144955.0,7115300000.0
2024-02-21 22:58:40,69460.0,69470.0,69460.0,69470.0,1047549,144952.0,7132320000.0
2024-02-21 22:59:20,69470.0,69470.0,69420.0,69420.0,1459052,144819.0,7265990000.0
2024-02-21 23:00:00,69420.0,69430.0,69410.0,69430.0,1537657,144822.0,7325340000.0
2024-02-21 23:00:40,69420.0,69420.0,69390.0,69390.0,1592862,144777.0,7413830000.0
2024-02-21 23:01:20,69390.0,69410.0,69350.0,69350.0,1702554,144769.0,7532110000.0
2024-02-21 23:02:00,69360.0,69360.0,69310.0,69320.0,1614373,144715.0,7601450000.0
2024-02-21 23:02:40,69330.0,69330.0,69310.0,69320.0,1675694,144620.0,7689140000.0
2024-02-21 23:03:20,69310.0,69320.0,69290.0,69290.0,1700241,144554.0,7795860000.0
2024-02-21 23:04:00,69290.0,69290.0,69240.0,69250.0,1814993,144427.0,7934390000.0
2024-02-21 23:04:40,69260.0,69260.0,69210.0,69210.0,1844760,144243.0,8078740000.0
2024-02-21 23:05:20,69200.0,69230.0,69200.0,69220.0,1881798,144149.0,8238620000.0
2024-02-21 23:06:00,69220.0,69230.0,69190.0,69190.0,1910560,144164.0,8344510000.0
2024-02-21 23:06:40,69190.0,69250.0,69190.0,69240.0,1911587,144127.0,8420650000.0
2024-02-21 23:07:20,69240.0,69250.0,69210.0,69230.0,1755081,144150.0,8472570000.0
2024-02-21 23:08:00,69230.0,69250.0,69230.0,69250.0,1741595,144207.0,8529000000.0
2024-02-21 23:08:40,69250.0,69280.0,69250.0,69260.0,1801993,144208.0,8594100000.0
2024-02-21 23:09:20,69260.0,69280.0,69260.0,69270.0,1490949,144227.0,8629780000.0
2024-02-21 23:10:00,69270.0,69270.0,69260.0,69260.0,1369617,144240.0,8642940000.0
2024-02-21 23:10:40,69260.0,69280.0,69260.0,69280.0,1347620,144255.0,8660600000.0
2024-02-21 23:11:20,69280.0,69290.0,69280.0,69290.0,1100996,144252.0,8682430000.0
2024-02-21 23:12:00,69290.0,69310.0,69290.0,69310.0,1432712,144258.0,8733710000.0
2024-02-21 23:12:40,69310.0,69310.0,69280.0,69290.0,1563418,144263.0,8750690000.0
2024-02-21 23:13:20,69290.0,69300.0,69290.0,69300.0,1161944,144267.0,8767660000.0
2024-02-21 23:14:00,69300.0,69310.0,69290.0,69290.0,1493391,144250.0,8788800000.0
2024-02-21 23:14:40,69290.0,69290.0,69260.0,69260.0,1319498,144236.0,8807160000.0
2024-02-21 23:15:20,69260.0,69260.0,69230.0,69230.0,1756163,144223.0,8839360000.0
2024-02-21 23:16:00,69230.0,69290.0,69230.0,69280.0,1556634,144253.0,8859790000.0
2024-02-21 23:16:40,69280.0,69280.0,69270.0,69270.0,1125517,144264.0,8873990000.0
2024-02-21 23:17:20,69270.0,69280.0,69260.0,69270.0,1075600,144261.0,8886110000.0
2024-02-21 23:18:00,69280.0,69300.0,69280.0,69290.0,1488168,144279.0,8901700000.0
2024-02-21 23:18:40,69300.0,69300.0,69290.0,69300.0,898925,144282.0,8906900000.0
2024-02-21 23:19:20,69300.0,69300.0,69290.0,69290.0,822320,144282.0,8910370000.0
2024-02-21 23:20:00,69290.0,69300.0,69290.0,69290.0,925827,144286.0,8927000000.0
2024-02-21 23:20:40,69290.0,69310.0,69290.0,69290.0,1494529,144297.0,8940160000.0
2024-02-21 23:21:20,69290.0,69310.0,69290.0,69310.0,1470899,144302.0,8950560000.0
2024-02-21 23:22:00,69310.0,69330.0,69300.0,69310.0,1759929,144318.0,8990420000.0
2024-02-21 23:22:40,69310.0,69310.0,69290.0,69290.0,986150,144326.0,9003590000.0
2024-02-21 23:23:20,69290.0,69300.0,69280.0,69300.0,1248311,144322.0,9026800000.0
2024-02-21 23:24:00,69290.0,69320.0,69280.0,69320.0,1303969,144326.0,9048630000.0
2024-02-21 23:24:40,69320.0,69330.0,69310.0,69320.0,1149909,144339.0,9065610000.0
2024-02-21 23:25:20,69320.0,69330.0,69320.0,69320.0,863104,144341.0,9069770000.0
2024-02-21 23:26:00,69320.0,69320.0,69310.0,69310.0,968518,144323.0,9083290000.0
2024-02-21 23:26:40,69310.0,69320.0,69310.0,69320.0,943707,144334.0,9090570000.0
2024-02-21 23:27:20,69310.0,69330.0,69310.0,69310.0,1442744,144337.0,9097500000.0
2024-02-21 23:28:00,69310.0,69310.0,69290.0,69290.0,1260371,144327.0,9106510000.0
2024-02-21 23:28:40,69300.0,69340.0,69290.0,69320.0,1368963,144351.0,9140130000.0
2024-02-21 23:29:20,69320.0,69330.0,69320.0,69320.0,1055922,144354.0,9157800000.0
2024-02-21 23:30:00,69320.0,69320.0,69310.0,69310.0,1215319,144351.0,9161270000.0
2024-02-21 23:30:40,69310.0,69320.0,69310.0,69320.0,554960,144349.0,9163350000.0
2024-02-21 23:31:20,69320.0,69330.0,69310.0,69320.0,1110324,144350.0,9166120000.0
2024-02-21 23:32:00,69320.0,69320.0,69310.0,69320.0,1110963,144353.0,9173750000.0
2024-02-21 23:32:40,69320.0,69320.0,69320.0,69320.0,476378,144358.0,9177910000.0
2024-02-21 23:33:20,69320.0,69340.0,69320.0,69340.0,1191980,144368.0,9192120000.0
2024-02-21 23:34:00,69330.0,69340.0,69330.0,69330.0,769416,144389.0,9202860000.0
2024-02-21 23:34:40,69340.0,69340.0,69320.0,69320.0,1116968,144360.0,9229560000.0
2024-02-21 23:35:20,69320.0,69320.0,69290.0,69290.0,1655870,144358.0,9277380000.0
2024-02-21 23:36:00,69290.0,69290.0,69280.0,69280.0,990496,144358.0,9284300000.0
2024-02-21 23:36:40,69280.0,69280.0,69270.0,69270.0,964628,144359.0,9291580000.0
2024-02-21 23:37:20,69270.0,69290.0,69270.0,69290.0,965197,144360.0,9296430000.0
2024-02-21 23:38:00,69290.0,69290.0,69260.0,69260.0,643811,144361.0,9304740000.0
2024-02-21 23:38:40,69270.0,69270.0,69260.0,69270.0,671202,144362.0,9309240000.0
2024-02-21 23:39:20,69270.0,69270.0,69270.0,69270.0,805631,144362.0,9310630000.0
2024-02-21 23:40:00,69270.0,69280.0,69270.0,69280.0,859874,144371.0,9318250000.0
2024-02-21 23:40:40,69280.0,69280.0,69260.0,69270.0,914091,144372.0,9323440000.0
2024-02-21 23:41:20,69280.0,69280.0,69270.0,69270.0,457221,144372.0,9324480000.0
2024-02-21 23:42:00,69270.0,69270.0,69270.0,69270.0,376580,144370.0,9325520000.0
2024-02-21 23:42:40,69270.0,69290.0,69270.0,69290.0,1076247,144374.0,9329680000.0
2024-02-21 23:43:20,69290.0,69290.0,69280.0,69290.0,1076503,144376.0,9330720000.0
2024-02-21 23:44:00,69290.0,69290.0,69270.0,69270.0,969330,144381.0,9336610000.0
2024-02-21 23:44:40,69270.0,69290.0,69270.0,69290.0,1185472,144386.0,9344570000.0
2024-02-21 23:45:20,69290.0,69290.0,69290.0,69290.0,889656,144390.0,9346650000.0
2024-02-21 23:46:00,69290.0,69290.0,69280.0,69290.0,808980,144397.0,9349770000.0
2024-02-21 23:46:40,69290.0,69290.0,69280.0,69290.0,971184,144407.0,9354270000.0
2024-02-21 23:47:20,69290.0,69290.0,69280.0,69280.0,998735,144404.0,9359470000.0
2024-02-21 23:48:00,69280.0,69280.0,69260.0,69270.0,1107406,144404.0,9366400000.0
2024-02-21 23:48:40,69270.0,69270.0,69240.0,69250.0,838126,144404.0,9377820000.0
2024-02-21 23:49:20,69250.0,69260.0,69240.0,69250.0,1570114,144397.0,9391670000.0
2024-02-21 23:50:00,69250.0,69270.0,69250.0,69270.0,1382931,144408.0,9404830000.0
2024-02-21 23:50:40,69270.0,69270.0,69260.0,69260.0,1166869,144414.0,9408990000.0
2024-02-21 23:51:20,69250.0,69250.0,69220.0,69220.0,1252629,144374.0,9468180000.0
2024-02-21 23:52:00,69220.0,69230.0,69210.0,69220.0,1421699,144355.0,9489640000.0
2024-02-21 23:52:40,69220.0,69220.0,69210.0,69210.0,1481633,144354.0,9519400000.0
2024-02-21 23:53:20,69210.0,69230.0,69210.0,69230.0,1484806,144332.0,9542940000.0
2024-02-21 23:54:00,69230.0,69240.0,69230.0,69230.0,1184035,144323.0,9556440000.0
2024-02-21 23:54:40,69230.0,69240.0,69220.0,69220.0,1462344,144304.0,9567170000.0
2024-02-21 23:55:20,69220.0,69230.0,69200.0,69210.0,1712600,144281.0,9585160000.0
2024-02-21 23:56:00,69210.0,69210.0,69200.0,69210.0,1189771,144283.0,9599000000.0
2024-02-21 23:56:40,69200.0,69220.0,69200.0,69210.0,1191317,144271.0,9608000000.0
2024-02-21 23:57:20,69210.0,69210.0,69170.0,69170.0,1582927,144162.0,9673380000.0
2024-02-21 23:58:00,69170.0,69180.0,69160.0,69160.0,1480454,144114.0,9706920000.0
2024-02-21 23:58:40,69170.0,69180.0,69170.0,69170.0,1711406,144112.0,9738750000.0
2024-02-21 23:59:20,69170.0,69170.0,69160.0,69170.0,1406219,144093.0,9758110000.0
2024-02-22 00:00:00,69160.0,69170.0,69160.0,69160.0,1494442,144026.0,9789930000.0
2024-02-22 00:00:40,69160.0,69160.0,69140.0,69160.0,1670822,143967.0,9837990000.0
2024-02-22 00:01:20,69160.0,69200.0,69160.0,69180.0,1420649,143954.0,9859090000.0
2024-02-22 00:02:00,69180.0,69200.0,69170.0,69170.0,1508006,143957.0,9868080000.0
2024-02-22 00:02:40,69170.0,69200.0,69170.0,69200.0,1224489,143948.0,9878460000.0
2024-02-22 00:03:20,69200.0,69200.0,69180.0,69180.0,912193,143949.0,9883990000.0
2024-02-22 00:04:00,69180.0,69210.0,69180.0,69200.0,1484271,143911.0,9910980000.0
2024-02-22 00:04:40,69200.0,69200.0,69200.0,69200.0,886357,143911.0,9913060000.0
2024-02-22 00:05:20,69200.0,69200.0,69170.0,69180.0,1431208,143911.0,9927240000.0
2024-02-22 00:06:00,69180.0,69200.0,69180.0,69200.0,1059686,143911.0,9929320000.0
2024-02-22 00:06:40,69200.0,69200.0,69170.0,69170.0,888352,143909.0,9941080000.0
2024-02-22 00:07:20,69170.0,69170.0,69150.0,69160.0,1751207,143900.0,9968740000.0
2024-02-22 00:08:00,69160.0,69160.0,69150.0,69150.0,1093412,143894.0,9983270000.0
2024-02-22 00:08:40,69150.0,69170.0,69150.0,69170.0,952579,143889.0,10010600000.0
2024-02-22 00:09:20,69170.0,69170.0,69140.0,69140.0,1503733,143880.0,10034100000.0
2024-02-22 00:10:00,69160.0,69160.0,69140.0,69160.0,1420125,143832.0,10061100000.0
2024-02-22 00:10:40,69160.0,69180.0,69160.0,69170.0,1074403,143830.0,10067600000.0
2024-02-22 00:11:20,69170.0,69180.0,69170.0,69180.0,958673,143829.0,10072500000.0
2024-02-22 00:12:00,69180.0,69180.0,69170.0,69170.0,901342,143812.0,10082200000.0
2024-02-22 00:12:40,69160.0,69160.0,69150.0,69150.0,989882,143768.0,10106400000.0
2024-02-22 00:13:20,69160.0,69190.0,69160.0,69190.0,1370892,143768.0,10113600000.0
2024-02-22 00:14:00,69190.0,69190.0,69190.0,69190.0,758650,143768.0,10114300000.0
2024-02-22 00:14:40,69190.0,69200.0,69190.0,69190.0,846247,143764.0,10116100000.0
2024-02-22 00:15:20,69200.0,69210.0,69200.0,69200.0,1430634,143757.0,10124700000.0
2024-02-22 00:16:00,69200.0,69200.0,69180.0,69200.0,1402513,143751.0,10128900000.0
2024-02-22 00:16:40,69200.0,69200.0,69180.0,69180.0,1169401,143742.0,10137500000.0
2024-02-22 00:17:20,69180.0,69190.0,69170.0,69180.0,1696486,143743.0,10139900000.0
2024-02-22 00:18:00,69180.0,69180.0,69160.0,69160.0,702182,143734.0,10143400000.0
2024-02-22 00:18:40,69160.0,69160.0,69150.0,69160.0,760906,143733.0,10144800000.0
2024-02-22 00:19:20,69160.0,69160.0,69150.0,69160.0,790419,143730.0,10149300000.0
2024-02-22 00:20:00,69160.0,69170.0,69160.0,69160.0,907737,143726.0,10151000000.0
2024-02-22 00:20:40,69160.0,69180.0,69160.0,69180.0,966600,143733.0,10155100000.0
2024-02-22 00:21:20,69180.0,69190.0,69170.0,69180.0,732520,143734.0,10156900000.0
2024-02-22 00:22:00,69180.0,69180.0,69170.0,69170.0,644722,143737.0,10158900000.0
2024-02-22 00:22:40,69170.0,69180.0,69170.0,69180.0,791351,143738.0,10159600000.0
2024-02-22 00:23:20,69190.0,69190.0,69180.0,69180.0,527723,143735.0,10167600000.0
2024-02-22 00:24:00,69190.0,69190.0,69180.0,69180.0,469364,143734.0,10168600000.0
2024-02-22 00:24:40,69180.0,69200.0,69180.0,69200.0,938881,143736.0,10172100000.0
2024-02-22 00:25:20,69200.0,69220.0,69200.0,69210.0,1057126,143714.0,10181400000.0
2024-02-22 00:26:00,69210.0,69210.0,69200.0,69200.0,940068,143715.0,10184500000.0
2024-02-22 00:26:40,69200.0,69210.0,69200.0,69200.0,852328,143700.0,10192500000.0
2024-02-22 00:27:20,69200.0,69200.0,69180.0,69190.0,1058885,143693.0,10196300000.0
2024-02-22 00:28:00,69190.0,69190.0,69190.0,69190.0,882548,143690.0,10197400000.0
2024-02-22 00:28:40,69190.0,69190.0,69180.0,69180.0,971042,143683.0,10200100000.0
2024-02-22 00:29:20,69180.0,69190.0,69180.0,69190.0,559154,143682.0,10201500000.0
2024-02-22 00:30:00,69190.0,69200.0,69190.0,69200.0,853725,143674.0,10206700000.0
2024-02-22 00:30:40,69200.0,69210.0,69170.0,69170.0,942499,143662.0,10214000000.0
2024-02-22 00:31:20,69170.0,69170.0,69170.0,69170.0,500967,143670.0,10217800000.0
2024-02-22 00:32:00,69170.0,69170.0,69170.0,69170.0,1120504,143672.0,10221600000.0
2024-02-22 00:32:40,69170.0,69170.0,69160.0,69170.0,471852,143672.0,10222900000.0
2024-02-22 00:33:20,69170.0,69180.0,69170.0,69170.0,1091303,143671.0,10224300000.0
2024-02-22 00:34:00,69170.0,69170.0,69150.0,69150.0,472233,143630.0,10243700000.0
2024-02-22 00:34:40,69150.0,69150.0,69120.0,69130.0,1362017,143617.0,10276900000.0
2024-02-22 00:35:20,69130.0,69140.0,69130.0,69140.0,1156652,143621.0,10282100000.0
2024-02-22 00:36:00,69140.0,69140.0,69130.0,69130.0,652624,143623.0,10283100000.0
2024-02-22 00:36:40,69130.0,69140.0,69130.0,69130.0,801248,143620.0,10290700000.0
2024-02-22 00:37:20,69130.0,69140.0,69120.0,69130.0,1039714,143627.0,10300400000.0
2024-02-22 00:38:00,69130.0,69130.0,69110.0,69110.0,1309581,143596.0,10330100000.0
2024-02-22 00:38:40,69110.0,69130.0,69110.0,69120.0,1491293,143591.0,10342500000.0
2024-02-22 00:39:20,69120.0,69120.0,69110.0,69120.0,835587,143587.0,10347000000.0
2024-02-22 00:40:00,69120.0,69120.0,69110.0,69120.0,985301,143592.0,10351200000.0
2024-02-22 00:40:40,69120.0,69130.0,69120.0,69120.0,1015728,143586.0,10356700000.0
2024-02-22 00:41:20,69120.0,69120.0,69110.0,69120.0,1046302,143566.0,10367800000.0
2024-02-22 00:42:00,69120.0,69140.0,69120.0,69140.0,1855578,143556.0,10374700000.0
2024-02-22 00:42:40,69140.0,69150.0,69140.0,69150.0,1227552,143551.0,10379200000.0
2024-02-22 00:43:20,69150.0,69160.0,69150.0,69160.0,1168059,143547.0,10382300000.0
2024-02-22 00:44:00,69160.0,69160.0,69140.0,69140.0,1078592,143540.0,10388200000.0
2024-02-22 00:44:40,69140.0,69140.0,69120.0,69120.0,809491,143537.0,10394000000.0
2024-02-22 00:45:20,69120.0,69120.0,69110.0,69110.0,689925,143529.0,10398900000.0
2024-02-22 00:46:00,69110.0,69120.0,69110.0,69120.0,1020345,143525.0,10406100000.0
2024-02-22 00:46:40,69120.0,69140.0,69120.0,69140.0,660546,143523.0,10407200000.0
2024-02-22 00:47:20,69140.0,69150.0,69140.0,69150.0,810822,143522.0,10411000000.0
2024-02-22 00:48:00,69150.0,69150.0,69130.0,69130.0,510672,143528.0,10413800000.0
2024-02-22 00:48:40,69130.0,69140.0,69130.0,69140.0,781278,143529.0,10418200000.0
2024-02-22 00:49:20,69140.0,69160.0,69130.0,69160.0,842133,143501.0,10442400000.0
2024-02-22 00:50:00,69160.0,69160.0,69150.0,69160.0,994405,143496.0,10447600000.0
2024-02-22 00:50:40,69160.0,69170.0,69160.0,69170.0,844331,143453.0,10463900000.0
2024-02-22 00:51:20,69170.0,69170.0,69160.0,69170.0,815273,143453.0,10467700000.0
2024-02-22 00:52:00,69160.0,69190.0,69160.0,69190.0,936977,143459.0,10479800000.0
2024-02-22 00:52:40,69190.0,69190.0,69180.0,69190.0,816702,143452.0,10486700000.0
2024-02-22 00:53:20,69190.0,69190.0,69180.0,69180.0,787069,143451.0,10494000000.0
2024-02-22 00:54:00,69180.0,69190.0,69170.0,69190.0,1211242,143452.0,10497100000.0
2024-02-22 00:54:40,69190.0,69190.0,69180.0,69180.0,787628,143461.0,10500600000.0
2024-02-22 00:55:20,69180.0,69180.0,69170.0,69180.0,696871,143459.0,10502300000.0
2024-02-22 00:56:00,69180.0,69190.0,69180.0,69190.0,788319,143455.0,10512700000.0
2024-02-22 00:56:40,69190.0,69200.0,69190.0,69190.0,1001278,143447.0,10519900000.0
2024-02-22 00:57:20,69190.0,69200.0,69170.0,69170.0,850342,143433.0,10532000000.0
2024-02-22 00:58:00,69180.0,69190.0,69170.0,69180.0,1337932,143416.0,10545200000.0
2024-02-22 00:58:40,69190.0,69190.0,69180.0,69180.0,1034985,143414.0,10551700000.0
2024-02-22 00:59:20,69180.0,69190.0,69170.0,69180.0,1462325,143374.0,10571100000.0
2024-02-22 01:00:00,69180.0,69180.0,69160.0,69160.0,1679983,143343.0,10597700000.0
2024-02-22 01:00:40,69160.0,69160.0,69160.0,69160.0,61154,143343.0,10597700000.0
2024-02-22 09:00:40,69220.0,69280.0,69220.0,69260.0,2474439,143459.0,10770500000.0
2024-02-22 09:01:20,69260.0,69270.0,69240.0,69250.0,2273231,143490.0,10816300000.0
2024-02-22 09:02:00,69250.0,69270.0,69240.0,69270.0,2034097,143543.0,10861300000.0
2024-02-22 09:02:40,69270.0,69270.0,69250.0,69270.0,2325660,143597.0,10919500000.0
2024-02-22 09:03:20,69260.0,69270.0,69240.0,69240.0,2242518,143645.0,10981400000.0
2024-02-22 09:04:00,69240.0,69260.0,69240.0,69240.0,2156013,143653.0,10998700000.0
2024-02-22 09:04:40,69240.0,69250.0,69240.0,69240.0,1460609,143659.0,11008800000.0
2024-02-22 09:05:20,69240.0,69260.0,69240.0,69240.0,2003643,143679.0,11033400000.0
2024-02-22 09:06:00,69240.0,69240.0,69230.0,69240.0,1625544,143687.0,11051700000.0
2024-02-22 09:06:40,69240.0,69240.0,69220.0,69230.0,2144005,143657.0,11122700000.0
2024-02-22 09:07:20,69230.0,69250.0,69230.0,69240.0,2092552,143672.0,11186000000.0
2024-02-22 09:08:00,69240.0,69240.0,69230.0,69240.0,1293583,143685.0,11223100000.0
2024-02-22 09:08:40,69240.0,69250.0,69230.0,69230.0,1490899,143696.0,11239300000.0
2024-02-22 09:09:20,69230.0,69240.0,69230.0,69230.0,1363205,143692.0,11253500000.0
2024-02-22 09:10:00,69230.0,69250.0,69230.0,69240.0,2047132,143706.0,11268100000.0
2024-02-22 09:10:40,69240.0,69240.0,69230.0,69240.0,1692614,143756.0,11297200000.0
2024-02-22 09:11:20,69240.0,69240.0,69230.0,69240.0,1275688,143835.0,11358100000.0
2024-02-22 09:12:00,69240.0,69240.0,69220.0,69230.0,1312461,143871.0,11382700000.0
2024-02-22 09:12:40,69230.0,69230.0,69200.0,69210.0,2105255,143866.0,11412400000.0
2024-02-22 09:13:20,69210.0,69210.0,69200.0,69200.0,1715867,143888.0,11465700000.0
2024-02-22 09:14:00,69200.0,69210.0,69200.0,69210.0,2090759,143865.0,11531800000.0
2024-02-22 09:14:40,69210.0,69220.0,69200.0,69200.0,1531065,143880.0,11539800000.0
2024-02-22 09:15:20,69200.0,69210.0,69190.0,69190.0,1965834,143888.0,11568100000.0
2024-02-22 09:16:00,69190.0,69210.0,69190.0,69200.0,2139041,143899.0,11595800000.0
2024-02-22 09:16:40,69210.0,69210.0,69200.0,69200.0,1573231,143924.0,11609000000.0
2024-02-22 09:17:20,69210.0,69210.0,69190.0,69190.0,1978910,143905.0,11633500000.0
2024-02-22 09:18:00,69190.0,69200.0,69190.0,69200.0,1343452,143903.0,11643900000.0
2024-02-22 09:18:40,69200.0,69200.0,69180.0,69180.0,2050934,143909.0,11665700000.0
2024-02-22 09:19:20,69180.0,69200.0,69170.0,69180.0,2125420,143949.0,11713400000.0
2024-02-22 09:20:00,69180.0,69200.0,69180.0,69200.0,1894906,143986.0,11743200000.0
2024-02-22 09:20:40,69200.0,69200.0,69190.0,69190.0,2036040,144024.0,11786800000.0
2024-02-22 09:21:20,69190.0,69190.0,69180.0,69190.0,1702497,144080.0,11814500000.0
2024-02-22 09:22:00,69190.0,69190.0,69180.0,69190.0,2081636,144103.0,11838300000.0
2024-02-22 09:22:40,69190.0,69190.0,69180.0,69190.0,1743647,144136.0,11860800000.0
2024-02-22 09:23:20,69190.0,69190.0,69180.0,69190.0,1780471,144165.0,11878500000.0
2024-02-22 09:24:00,69190.0,69200.0,69180.0,69200.0,1647077,144180.0,11898900000.0
2024-02-22 09:24:40,69200.0,69200.0,69190.0,69190.0,1237078,144213.0,11918300000.0
2024-02-22 09:25:20,69190.0,69200.0,69190.0,69200.0,1066559,144216.0,11925500000.0
2024-02-22 09:26:00,69200.0,69200.0,69190.0,69200.0,1136342,144219.0,11937300000.0
2024-02-22 09:26:40,69200.0,69200.0,69190.0,69190.0,1518737,144226.0,11975700000.0
2024-02-22 09:27:20,69190.0,69200.0,69190.0,69200.0,1175425,144231.0,11987400000.0
2024-02-22 09:28:00,69200.0,69200.0,69180.0,69180.0,1765924,144235.0,12011300000.0
2024-02-22 09:28:40,69190.0,69190.0,69170.0,69170.0,2152343,144269.0,12034500000.0
2024-02-22 09:29:20,69180.0,69180.0,69170.0,69170.0,1494135,144267.0,12049400000.0
2024-02-22 09:30:00,69170.0,69180.0,69170.0,69180.0,1565220,144276.0,12058400000.0
2024-02-22 09:30:40,69170.0,69200.0,69170.0,69180.0,2337310,144343.0,12108200000.0
2024-02-22 09:31:20,69180.0,69190.0,69180.0,69190.0,1889469,144380.0,12136200000.0
2024-02-22 09:32:00,69190.0,69200.0,69180.0,69180.0,1962438,144398.0,12171100000.0
2024-02-22 09:32:40,69190.0,69190.0,69180.0,69190.0,1687882,144440.0,12196400000.0
2024-02-22 09:33:20,69190.0,69200.0,69180.0,69190.0,1621257,144423.0,12221600000.0
2024-02-22 09:34:00,69200.0,69200.0,69180.0,69190.0,1906051,144443.0,12236500000.0
2024-02-22 09:34:40,69190.0,69190.0,69180.0,69180.0,1908781,144464.0,12258000000.0
2024-02-22 09:35:20,69180.0,69190.0,69170.0,69190.0,2088631,144484.0,12275300000.0
2024-02-22 09:36:00,69190.0,69190.0,69180.0,69180.0,1382265,144489.0,12286700000.0
2024-02-22 09:36:40,69180.0,69190.0,69170.0,69180.0,1525482,144511.0,12299100000.0
2024-02-22 09:37:20,69180.0,69190.0,69170.0,69170.0,1811813,144520.0,12319500000.0
2024-02-22 09:38:00,69170.0,69190.0,69170.0,69180.0,1849504,144534.0,12327800000.0
2024-02-22 09:38:40,69180.0,69180.0,69150.0,69160.0,2037762,144632.0,12413300000.0
2024-02-22 09:39:20,69150.0,69160.0,69150.0,69150.0,2259317,144643.0,12435700000.0
2024-02-22 09:40:00,69150.0,69170.0,69140.0,69150.0,2158540,144683.0,12484800000.0
2024-02-22 09:40:40,69150.0,69160.0,69140.0,69140.0,2201157,144698.0,12526700000.0
2024-02-22 09:41:20,69140.0,69150.0,69130.0,69150.0,2209722,144735.0,12584700000.0
2024-02-22 09:42:00,69150.0,69150.0,69130.0,69140.0,2435069,144743.0,12601700000.0
2024-02-22 09:42:40,69150.0,69170.0,69150.0,69150.0,1856619,144769.0,12629300000.0
2024-02-22 09:43:20,69150.0,69160.0,69150.0,69160.0,1787999,144749.0,12655300000.0
2024-02-22 09:44:00,69160.0,69160.0,69150.0,69160.0,1424821,144733.0,12662900000.0
2024-02-22 09:44:40,69150.0,69160.0,69150.0,69150.0,1906045,144676.0,12719900000.0
2024-02-22 09:45:20,69150.0,69160.0,69150.0,69160.0,1395550,144675.0,12728200000.0
2024-02-22 09:46:00,69160.0,69160.0,69150.0,69150.0,1359990,144634.0,12753100000.0
2024-02-22 09:46:40,69150.0,69160.0,69150.0,69150.0,1436494,144627.0,12770400000.0
2024-02-22 09:47:20,69150.0,69160.0,69150.0,69150.0,1585024,144620.0,12776000000.0
2024-02-22 09:48:00,69150.0,69170.0,69150.0,69160.0,1551709,144621.0,12808100000.0
2024-02-22 09:48:40,69160.0,69170.0,69160.0,69170.0,1183483,144619.0,12823700000.0
2024-02-22 09:49:20,69160.0,69170.0,69160.0,69160.0,2150454,144678.0,12864100000.0
2024-02-22 09:50:00,69160.0,69190.0,69160.0,69180.0,2601687,144698.0,12889400000.0
2024-02-22 09:50:40,69180.0,69190.0,69180.0,69180.0,1786812,144725.0,12909800000.0
2024-02-22 09:51:20,69180.0,69180.0,69160.0,69170.0,2125032,144744.0,12928500000.0
2024-02-22 09:52:00,69170.0,69190.0,69160.0,69170.0,2128755,144748.0,12952700000.0
2024-02-22 09:52:40,69170.0,69180.0,69160.0,69180.0,2169271,144762.0,12962400000.0
2024-02-22 09:53:20,69180.0,69180.0,69170.0,69180.0,1384453,144766.0,12965800000.0
2024-02-22 09:54:00,69180.0,69180.0,69170.0,69180.0,1909684,144771.0,12985500000.0
2024-02-22 09:54:40,69180.0,69180.0,69160.0,69160.0,1575492,144753.0,13003500000.0
2024-02-22 09:55:20,69160.0,69160.0,69150.0,69160.0,1614871,144768.0,13018400000.0
2024-02-22 09:56:00,69160.0,69160.0,69150.0,69150.0,1429340,144769.0,13044700000.0
2024-02-22 09:56:40,69150.0,69160.0,69150.0,69150.0,1318149,144766.0,13053700000.0
2024-02-22 09:57:20,69150.0,69160.0,69150.0,69150.0,1017808,144731.0,13099700000.0
2024-02-22 09:58:00,69150.0,69160.0,69140.0,69140.0,1892940,144750.0,13123900000.0
2024-02-22 09:58:40,69140.0,69150.0,69140.0,69140.0,1894842,144759.0,13152200000.0
2024-02-22 09:59:20,69140.0,69150.0,69130.0,69140.0,1975363,144766.0,13170900000.0
2024-02-22 10:00:00,69140.0,69150.0,69130.0,69140.0,1977952,144780.0,13186400000.0
2024-02-22 10:00:40,69140.0,69150.0,69140.0,69140.0,1637037,144793.0,13196100000.0
2024-02-22 10:01:20,69140.0,69160.0,69140.0,69150.0,1716500,144853.0,13230000000.0
2024-02-22 10:02:00,69160.0,69170.0,69150.0,69160.0,1834236,144899.0,13250000000.0
2024-02-22 10:02:40,69160.0,69170.0,69160.0,69160.0,1454108,144949.0,13278800000.0
2024-02-22 10:03:20,69150.0,69160.0,69140.0,69140.0,1841451,144991.0,13297400000.0
2024-02-22 10:04:00,69140.0,69150.0,69140.0,69140.0,1498572,145052.0,13319900000.0
2024-02-22 10:04:40,69150.0,69150.0,69120.0,69120.0,1577671,145061.0,13339900000.0
2024-02-22 10:05:20,69120.0,69120.0,69110.0,69110.0,2430120,145076.0,13386900000.0
2024-02-22 10:06:00,69110.0,69130.0,69110.0,69120.0,2242494,145124.0,13413900000.0
2024-02-22 10:06:40,69130.0,69130.0,69110.0,69130.0,2169176,145141.0,13428100000.0
2024-02-22 10:07:20,69120.0,69120.0,69110.0,69120.0,2018046,145179.0,13455700000.0
2024-02-22 10:08:00,69120.0,69120.0,69110.0,69110.0,1709415,145199.0,13465400000.0
2024-02-22 10:08:40,69110.0,69110.0,69090.0,69100.0,2377440,145172.0,13563500000.0
2024-02-22 10:09:20,69100.0,69110.0,69090.0,69110.0,2193729,145163.0,13579800000.0
2024-02-22 10:10:00,69110.0,69120.0,69100.0,69110.0,2353252,145179.0,13597400000.0
2024-02-22 10:10:40,69110.0,69120.0,69100.0,69100.0,2436049,145216.0,13621200000.0
2024-02-22 10:11:20,69110.0,69110.0,69100.0,69100.0,2045945,145234.0,13641900000.0
2024-02-22 10:12:00,69100.0,69110.0,69090.0,69090.0,2088681,145238.0,13661000000.0
2024-02-22 10:12:40,69100.0,69100.0,69070.0,69070.0,2170780,145243.0,13681000000.0
2024-02-22 10:13:20,69070.0,69090.0,69070.0,69090.0,2529307,145237.0,13698300000.0
2024-02-22 10:14:00,69090.0,69100.0,69080.0,69100.0,2453762,145220.0,13735200000.0
2024-02-22 10:14:40,69090.0,69120.0,69090.0,69120.0,2381494,145234.0,13770100000.0
2024-02-22 10:15:20,69120.0,69120.0,69110.0,69120.0,1033844,145240.0,13783600000.0
2024-02-22 10:30:40,69120.0,69130.0,69110.0,69130.0,2468678,145256.0,13810900000.0
2024-02-22 10:31:20,69130.0,69130.0,69110.0,69120.0,2034627,145295.0,13833400000.0
2024-02-22 10:32:00,69120.0,69120.0,69100.0,69110.0,2118383,145336.0,13855100000.0
2024-02-22 10:32:40,69110.0,69120.0,69100.0,69100.0,2442140,145382.0,13881400000.0
2024-02-22 10:33:20,69100.0,69110.0,69100.0,69100.0,1925841,145402.0,13906300000.0
2024-02-22 10:34:00,69100.0,69110.0,69090.0,69090.0,1446079,145428.0,13923200000.0
2024-02-22 10:34:40,69090.0,69100.0,69080.0,69080.0,1770080,145456.0,13941500000.0
2024-02-22 10:35:20,69080.0,69090.0,69080.0,69080.0,1852124,145476.0,13953600000.0
2024-02-22 10:36:00,69080.0,69090.0,69070.0,69080.0,2256875,145481.0,13968400000.0
2024-02-22 10:36:40,69080.0,69080.0,69070.0,69080.0,1694089,145498.0,13980200000.0
2024-02-22 10:37:20,69080.0,69080.0,69060.0,69070.0,2224246,145516.0,14023400000.0
2024-02-22 10:38:00,69070.0,69080.0,69060.0,69080.0,2106030,145516.0,14033700000.0
2024-02-22 10:38:40,69080.0,69080.0,69070.0,69080.0,1742625,145492.0,14052000000.0
2024-02-22 10:39:20,69080.0,69090.0,69080.0,69080.0,2069857,145498.0,14067200000.0
2024-02-22 10:40:00,69080.0,69090.0,69080.0,69080.0,1259146,145496.0,14073100000.0
2024-02-22 10:40:40,69090.0,69090.0,69080.0,69080.0,1625961,145518.0,14088600000.0
2024-02-22 10:41:20,69080.0,69090.0,69070.0,69090.0,1993778,145525.0,14102100000.0
2024-02-22 10:42:00,69090.0,69090.0,69080.0,69090.0,2036711,145534.0,14118300000.0
2024-02-22 10:42:40,69080.0,69100.0,69080.0,69090.0,1468158,145521.0,14134600000.0
2024-02-22 10:43:20,69090.0,69100.0,69080.0,69080.0,1591740,145530.0,14140400000.0
2024-02-22 10:44:00,69090.0,69090.0,69070.0,69070.0,1838729,145561.0,14162900000.0
2024-02-22 10:44:40,69080.0,69080.0,69060.0,69070.0,1350391,145612.0,14198100000.0
2024-02-22 10:45:20,69070.0,69080.0,69060.0,69080.0,2091722,145621.0,14212600000.0
2024-02-22 10:46:00,69080.0,69080.0,69070.0,69080.0,1931771,145635.0,14251300000.0
2024-02-22 10:46:40,69070.0,69090.0,69070.0,69080.0,2263853,145631.0,14263100000.0
2024-02-22 10:47:20,69080.0,69090.0,69080.0,69090.0,1771389,145697.0,14293500000.0
2024-02-22 10:48:00,69100.0,69110.0,69090.0,69110.0,1985230,145627.0,14344300000.0
2024-02-22 10:48:40,69110.0,69120.0,69110.0,69110.0,2321562,145598.0,14372600000.0
2024-02-22 10:49:20,69110.0,69120.0,69100.0,69110.0,1785072,145601.0,14385400000.0
2024-02-22 10:50:00,69110.0,69110.0,69110.0,69110.0,1495462,145603.0,14392600000.0
2024-02-22 10:50:40,69110.0,69110.0,69100.0,69110.0,1288226,145605.0,14396800000.0
2024-02-22 10:51:20,69110.0,69120.0,69100.0,69100.0,1330346,145612.0,14406100000.0
2024-02-22 10:52:00,69110.0,69110.0,69100.0,69110.0,1123061,145612.0,14410300000.0
2024-02-22 10:52:40,69110.0,69140.0,69110.0,69140.0,2499008,145592.0,14440700000.0
2024-02-22 10:53:20,69140.0,69150.0,69140.0,69150.0,2628530,145599.0,14460000000.0
2024-02-22 10:54:00,69150.0,69160.0,69140.0,69160.0,2595067,145581.0,14545400000.0
2024-02-22 10:54:40,69150.0,69160.0,69140.0,69150.0,2908289,145542.0,14632200000.0
2024-02-22 10:55:20,69140.0,69150.0,69140.0,69140.0,2537600,145552.0,14656400000.0
2024-02-22 10:56:00,69140.0,69150.0,69130.0,69140.0,2159758,145581.0,14677500000.0
2024-02-22 10:56:40,69140.0,69150.0,69130.0,69140.0,2078444,145595.0,14705200000.0
2024-02-22 10:57:20,69120.0,69130.0,69120.0,69130.0,1486272,145596.0,14710000000.0
2024-02-22 10:58:00,69130.0,69130.0,69120.0,69130.0,1402134,145620.0,14720700000.0
2024-02-22 10:58:40,69120.0,69130.0,69120.0,69130.0,1828931,145647.0,14741400000.0
2024-02-22 10:59:20,69130.0,69130.0,69120.0,69120.0,1532928,145615.0,14762200000.0
2024-02-22 11:00:00,69120.0,69130.0,69120.0,69130.0,1151030,145628.0,14767400000.0
2024-02-22 11:00:40,69130.0,69140.0,69130.0,69140.0,1835829,145685.0,14808200000.0
2024-02-22 11:01:20,69150.0,69160.0,69140.0,69150.0,2227561,145709.0,14866900000.0
2024-02-22 11:02:00,69150.0,69150.0,69140.0,69140.0,1459906,145715.0,14875900000.0
2024-02-22 11:02:40,69150.0,69150.0,69140.0,69150.0,1460863,145735.0,14884600000.0
2024-02-22 11:03:20,69140.0,69150.0,69140.0,69140.0,1246504,145741.0,14899800000.0
2024-02-22 11:04:00,69140.0,69140.0,69140.0,69140.0,1807198,145734.0,14909800000.0
2024-02-22 11:04:40,69140.0,69140.0,69120.0,69130.0,1723683,145791.0,14935400000.0
2024-02-22 11:05:20,69130.0,69130.0,69120.0,69130.0,1164294,145796.0,14937800000.0
2024-02-22 11:06:00,69120.0,69130.0,69120.0,69120.0,1467388,145810.0,14954400000.0
2024-02-22 11:06:40,69120.0,69130.0,69120.0,69130.0,777225,145816.0,14957200000.0
2024-02-22 11:07:20,69130.0,69140.0,69120.0,69140.0,1252688,145840.0,14970300000.0
2024-02-22 11:08:00,69130.0,69130.0,69130.0,69130.0,1124383,145847.0,14981400000.0
2024-02-22 11:08:40,69130.0,69140.0,69120.0,69130.0,1601441,145858.0,14997300000.0
2024-02-22 11:09:20,69130.0,69130.0,69120.0,69130.0,952764,145868.0,15006200000.0
2024-02-22 11:10:00,69130.0,69130.0,69120.0,69120.0,606590,145870.0,15007600000.0
2024-02-22 11:10:40,69130.0,69130.0,69120.0,69120.0,736780,145873.0,15012500000.0
2024-02-22 11:11:20,69120.0,69140.0,69120.0,69130.0,1345717,145811.0,15043600000.0
2024-02-22 11:12:00,69130.0,69140.0,69130.0,69140.0,1042975,145819.0,15055300000.0
2024-02-22 11:12:40,69140.0,69140.0,69130.0,69130.0,1956262,145824.0,15060200000.0
2024-02-22 11:13:20,69130.0,69130.0,69120.0,69130.0,1087110,145824.0,15062600000.0
2024-02-22 11:14:00,69120.0,69130.0,69120.0,69130.0,1087665,145829.0,15072600000.0
2024-02-22 11:14:40,69130.0,69140.0,69120.0,69120.0,2959694,145826.0,15078500000.0
2024-02-22 11:15:20,69120.0,69140.0,69120.0,69130.0,1393289,145826.0,15085700000.0
2024-02-22 11:16:00,69130.0,69130.0,69130.0,69130.0,1394720,145847.0,15104400000.0
2024-02-22 11:16:40,69130.0,69140.0,69130.0,69130.0,2006893,145852.0,15117500000.0
2024-02-22 11:17:20,69130.0,69130.0,69110.0,69130.0,2227844,145833.0,15143100000.0
2024-02-22 11:18:00,69130.0,69130.0,69100.0,69100.0,2100306,145832.0,15168000000.0
2024-02-22 11:18:40,69100.0,69120.0,69100.0,69100.0,2890724,145828.0,15171500000.0
2024-02-22 11:19:20,69100.0,69130.0,69100.0,69120.0,2894831,145877.0,15207400000.0
2024-02-22 11:20:00,69120.0,69140.0,69120.0,69130.0,2460282,145900.0,15246500000.0
2024-02-22 11:20:40,69120.0,69140.0,69120.0,69140.0,1982642,145886.0,15276200000.0
2024-02-22 11:21:20,69140.0,69150.0,69130.0,69130.0,1853323,145900.0,15295500000.0
2024-02-22 11:22:00,69150.0,69150.0,69130.0,69140.0,2300026,145960.0,15335300000.0
2024-02-22 11:22:40,69140.0,69160.0,69140.0,69160.0,2438788,146027.0,15380900000.0
2024-02-22 11:23:20,69160.0,69160.0,69140.0,69160.0,2355588,146058.0,15402000000.0
2024-02-22 11:24:00,69160.0,69160.0,69150.0,69160.0,1823550,146061.0,15405100000.0
2024-02-22 11:24:40,69160.0,69160.0,69150.0,69150.0,1512995,146054.0,15416500000.0
2024-02-22 11:25:20,69150.0,69150.0,69140.0,69150.0,1514479,146085.0,15435900000.0
2024-02-22 11:26:00,69150.0,69160.0,69150.0,69160.0,1649883,146103.0,15449400000.0
2024-02-22 11:26:40,69150.0,69170.0,69150.0,69160.0,2142644,146128.0,15467700000.0
2024-02-22 11:27:20,69160.0,69170.0,69150.0,69170.0,2323308,146159.0,15484300000.0
2024-02-22 11:28:00,69170.0,69180.0,69160.0,69170.0,2465909,146258.0,15572200000.0
2024-02-22 11:28:40,69170.0,69180.0,69160.0,69160.0,2654571,146278.0,15593600000.0
2024-02-22 11:29:20,69160.0,69160.0,69140.0,69160.0,2252956,146332.0,15623300000.0
2024-02-22 11:30:00,69140.0,69170.0,69130.0,69130.0,2756106,146390.0,15661400000.0
2024-02-22 11:30:40,69130.0,69130.0,69130.0,69130.0,45222,146390.0,15662100000.0
2024-02-22 13:30:40,69170.0,69190.0,69160.0,69160.0,3367571,146440.0,15788000000.0
2024-02-22 13:31:20,69160.0,69170.0,69160.0,69160.0,2600401,146467.0,15812500000.0
2024-02-22 13:32:00,69160.0,69170.0,69160.0,69160.0,2147336,146464.0,15839500000.0
2024-02-22 13:32:40,69160.0,69170.0,69160.0,69160.0,2607381,146473.0,15846800000.0
2024-02-22 13:33:20,69160.0,69170.0,69150.0,69150.0,2609962,146510.0,15866800000.0
2024-02-22 13:34:00,69150.0,69170.0,69140.0,69140.0,2981369,146562.0,15911400000.0
2024-02-22 13:34:40,69140.0,69150.0,69130.0,69130.0,2620058,146564.0,15927700000.0
2024-02-22 13:35:20,69130.0,69150.0,69130.0,69150.0,2669771,146580.0,15955700000.0
2024-02-22 13:36:00,69150.0,69160.0,69140.0,69140.0,2307532,146637.0,15992000000.0
2024-02-22 13:36:40,69150.0,69150.0,69140.0,69140.0,1432591,146676.0,16009300000.0
2024-02-22 13:37:20,69140.0,69160.0,69140.0,69160.0,2454449,146761.0,16047600000.0
2024-02-22 13:38:00,69160.0,69170.0,69150.0,69160.0,2412572,146762.0,16077000000.0
2024-02-22 13:38:40,69150.0,69170.0,69150.0,69160.0,1811559,146778.0,16097400000.0
2024-02-22 13:39:20,69170.0,69170.0,69160.0,69160.0,1674596,146828.0,16117500000.0
2024-02-22 13:40:00,69160.0,69160.0,69160.0,69160.0,651551,146827.0,16117800000.0
2024-02-22 13:40:40,69160.0,69160.0,69150.0,69160.0,1536094,146838.0,16126500000.0
2024-02-22 13:41:20,69160.0,69170.0,69160.0,69160.0,1630998,146915.0,16159700000.0
2024-02-22 13:42:00,69160.0,69170.0,69150.0,69150.0,2197102,147010.0,16214000000.0
2024-02-22 13:42:40,69150.0,69150.0,69150.0,69150.0,1404639,147008.0,16216400000.0
2024-02-22 13:43:20,69150.0,69160.0,69140.0,69140.0,1826943,147009.0,16239200000.0
2024-02-22 13:44:00,69150.0,69160.0,69140.0,69140.0,2392409,147016.0,16248900000.0
2024-02-22 13:44:40,69140.0,69160.0,69140.0,69160.0,1173130,147024.0,16254800000.0
2024-02-22 13:45:20,69160.0,69160.0,69150.0,69160.0,1267420,147032.0,16258600000.0
2024-02-22 13:46:00,69160.0,69160.0,69150.0,69150.0,1878064,147034.0,16261700000.0
2024-02-22 13:46:40,69150.0,69160.0,69150.0,69160.0,1455861,147033.0,16277200000.0
2024-02-22 13:47:20,69160.0,69170.0,69160.0,69170.0,1081861,147037.0,16305900000.0
2024-02-22 13:48:00,69170.0,69180.0,69160.0,69180.0,2496371,147032.0,16320500000.0
2024-02-22 13:48:40,69180.0,69190.0,69170.0,69190.0,2688795,147022.0,16347400000.0
2024-02-22 13:49:20,69190.0,69200.0,69180.0,69200.0,2550633,147069.0,16380700000.0
2024-02-22 13:50:00,69200.0,69200.0,69180.0,69190.0,3219274,147106.0,16414600000.0
2024-02-22 13:50:40,69190.0,69190.0,69180.0,69180.0,2662460,147236.0,16489600000.0
2024-02-22 13:51:20,69180.0,69180.0,69170.0,69180.0,2192288,147273.0,16515900000.0
2024-02-22 13:52:00,69180.0,69190.0,69180.0,69180.0,2148065,147291.0,16538400000.0
2024-02-22 13:52:40,69180.0,69180.0,69160.0,69160.0,2388350,147311.0,16550900000.0
2024-02-22 13:53:20,69160.0,69170.0,69160.0,69160.0,2246814,147328.0,16568800000.0
2024-02-22 13:54:00,69160.0,69170.0,69160.0,69170.0,1915173,147351.0,16587900000.0
2024-02-22 13:54:40,69170.0,69180.0,69160.0,69180.0,1676780,147355.0,16599600000.0
2024-02-22 13:55:20,69160.0,69180.0,69150.0,69150.0,2158812,147379.0,16639000000.0
2024-02-22 13:56:00,69150.0,69150.0,69140.0,69140.0,3076584,147364.0,16669100000.0
2024-02-22 13:56:40,69150.0,69150.0,69120.0,69140.0,2797208,147350.0,16712300000.0
2024-02-22 13:57:20,69140.0,69150.0,69130.0,69150.0,3144871,147383.0,16804600000.0
2024-02-22 13:58:00,69150.0,69150.0,69130.0,69140.0,2525199,147408.0,16830200000.0
2024-02-22 13:58:40,69140.0,69150.0,69140.0,69150.0,2237103,147459.0,16868600000.0
2024-02-22 13:59:20,69150.0,69150.0,69150.0,69150.0,1753696,147460.0,16872700000.0
2024-02-22 14:00:00,69150.0,69150.0,69140.0,69140.0,2339948,147485.0,16887600000.0
2024-02-22 14:00:40,69140.0,69150.0,69140.0,69150.0,1804527,147482.0,16892100000.0
2024-02-22 14:01:20,69150.0,69150.0,69130.0,69140.0,1903950,147521.0,16919100000.0
2024-02-22 14:02:00,69130.0,69130.0,69100.0,69110.0,2644688,147534.0,16975400000.0
2024-02-22 14:02:40,69110.0,69110.0,69090.0,69100.0,2798129,147521.0,17012700000.0
2024-02-22 14:03:20,69100.0,69100.0,69070.0,69080.0,2954027,147622.0,17078700000.0
2024-02-22 14:04:00,69080.0,69090.0,69070.0,69090.0,2913471,147665.0,17110800000.0
2024-02-22 14:04:40,69090.0,69090.0,69070.0,69090.0,2621793,147704.0,17146700000.0
2024-02-22 14:05:20,69090.0,69090.0,69080.0,69090.0,2179599,147710.0,17158500000.0
2024-02-22 14:06:00,69090.0,69100.0,69080.0,69090.0,2827144,147755.0,17194100000.0
2024-02-22 14:06:40,69090.0,69100.0,69090.0,69100.0,2086294,147772.0,17207900000.0
2024-02-22 14:07:20,69100.0,69110.0,69100.0,69110.0,2237318,147784.0,17221700000.0
2024-02-22 14:08:00,69110.0,69110.0,69100.0,69100.0,1591628,147793.0,17226500000.0
2024-02-22 14:08:40,69100.0,69110.0,69090.0,69100.0,2737207,147794.0,17240400000.0
2024-02-22 14:09:20,69100.0,69100.0,69090.0,69090.0,1892354,147803.0,17246600000.0
2024-02-22 14:10:00,69090.0,69110.0,69090.0,69110.0,2292113,147792.0,17264500000.0
2024-02-22 14:10:40,69110.0,69150.0,69110.0,69140.0,3197665,147876.0,17330500000.0
2024-02-22 14:11:20,69140.0,69160.0,69140.0,69150.0,2954996,147925.0,17357500000.0
2024-02-22 14:12:00,69150.0,69160.0,69150.0,69150.0,2206187,147928.0,17369600000.0
2024-02-22 14:12:40,69150.0,69170.0,69150.0,69170.0,2309393,147958.0,17414900000.0
2024-02-22 14:13:20,69170.0,69180.0,69170.0,69170.0,3020407,147975.0,17441900000.0
2024-02-22 14:14:00,69170.0,69180.0,69160.0,69160.0,2973668,147970.0,17462000000.0
2024-02-22 14:14:40,69160.0,69170.0,69150.0,69160.0,1967470,147965.0,17473700000.0
2024-02-22 14:15:20,69160.0,69160.0,69140.0,69140.0,2120130,147968.0,17484800000.0
2024-02-22 14:16:00,69140.0,69140.0,69140.0,69140.0,2021744,147976.0,17509700000.0
2024-02-22 14:16:40,69140.0,69140.0,69130.0,69130.0,2225308,147983.0,17517300000.0
2024-02-22 14:17:20,69130.0,69140.0,69130.0,69130.0,1568975,148015.0,17532500000.0
2024-02-22 14:18:00,69130.0,69150.0,69130.0,69150.0,2129443,148075.0,17572900000.0
2024-02-22 14:18:40,69150.0,69160.0,69140.0,69160.0,2132601,148112.0,17599600000.0
2024-02-22 14:19:20,69160.0,69160.0,69140.0,69150.0,1677551,148111.0,17605100000.0
2024-02-22 14:20:00,69150.0,69160.0,69150.0,69150.0,2037334,148177.0,17660400000.0
2024-02-22 14:20:40,69150.0,69160.0,69150.0,69160.0,1377091,148177.0,17661100000.0
2024-02-22 14:21:20,69150.0,69160.0,69140.0,69150.0,3063337,148192.0,17684300000.0
2024-02-22 14:22:00,69150.0,69160.0,69150.0,69160.0,1840893,148160.0,17714400000.0
2024-02-22 14:22:40,69160.0,69180.0,69160.0,69170.0,2610835,148141.0,17741300000.0
2024-02-22 14:23:20,69170.0,69180.0,69170.0,69170.0,3179620,148143.0,17769000000.0
2024-02-22 14:24:00,69170.0,69190.0,69170.0,69190.0,2772575,148146.0,17784200000.0
2024-02-22 14:24:40,69190.0,69190.0,69180.0,69190.0,2723737,148120.0,17804600000.0
2024-02-22 14:25:20,69190.0,69190.0,69170.0,69170.0,2780014,148162.0,17834000000.0
2024-02-22 14:26:00,69170.0,69180.0,69170.0,69170.0,2421984,148199.0,17861000000.0
2024-02-22 14:26:40,69170.0,69190.0,69170.0,69180.0,3304361,148230.0,17902500000.0
2024-02-22 14:27:20,69180.0,69190.0,69170.0,69190.0,2846319,148257.0,17929500000.0
2024-02-22 14:28:00,69180.0,69190.0,69180.0,69190.0,2331441,148277.0,17944400000.0
2024-02-22 14:28:40,69190.0,69190.0,69180.0,69180.0,2387611,148288.0,17979300000.0
2024-02-22 14:29:20,69180.0,69190.0,69180.0,69180.0,2441525,148320.0,18001400000.0
2024-02-22 14:30:00,69180.0,69180.0,69170.0,69170.0,2496664,148331.0,18016300000.0
2024-02-22 14:30:40,69170.0,69190.0,69170.0,69190.0,2559754,148567.0,18129400000.0
2024-02-22 14:31:20,69190.0,69190.0,69180.0,69190.0,3092792,148618.0,18179900000.0
2024-02-22 14:32:00,69190.0,69200.0,69180.0,69190.0,2206557,148629.0,18204500000.0
2024-02-22 14:32:40,69200.0,69220.0,69200.0,69210.0,3693617,148751.0,18296200000.0
2024-02-22 14:33:20,69210.0,69220.0,69190.0,69200.0,3914126,148762.0,18343900000.0
2024-02-22 14:34:00,69200.0,69210.0,69190.0,69200.0,3126966,148747.0,18356100000.0
2024-02-22 14:34:40,69200.0,69210.0,69200.0,69210.0,2864012,148749.0,18370900000.0
2024-02-22 14:35:20,69200.0,69210.0,69200.0,69210.0,2971648,148763.0,18379200000.0
2024-02-22 14:36:00,69210.0,69210.0,69200.0,69200.0,2709298,148753.0,18402100000.0
2024-02-22 14:36:40,69200.0,69210.0,69200.0,69210.0,2818502,148786.0,18427300000.0
2024-02-22 14:37:20,69210.0,69220.0,69200.0,69210.0,2555876,148815.0,18443300000.0
2024-02-22 14:38:00,69210.0,69220.0,69200.0,69200.0,2717481,148831.0,18455000000.0
2024-02-22 14:38:40,69200.0,69210.0,69190.0,69190.0,2613345,148823.0,18476500000.0
2024-02-22 14:39:20,69190.0,69210.0,69190.0,69200.0,2349255,148847.0,18494800000.0
2024-02-22 14:40:00,69200.0,69210.0,69200.0,69200.0,2404711,148880.0,18518300000.0
2024-02-22 14:40:40,69200.0,69210.0,69200.0,69210.0,1658840,148903.0,18535600000.0
2024-02-22 14:41:20,69200.0,69210.0,69190.0,69200.0,2465383,148972.0,18568500000.0
2024-02-22 14:42:00,69190.0,69210.0,69190.0,69200.0,2414846,148998.0,18592000000.0
2024-02-22 14:42:40,69200.0,69210.0,69200.0,69200.0,2470379,149027.0,18603800000.0
2024-02-22 14:43:20,69200.0,69210.0,69200.0,69200.0,2742542,149054.0,18632500000.0
2024-02-22 14:44:00,69200.0,69210.0,69200.0,69200.0,1184333,149052.0,18642900000.0
2024-02-22 14:44:40,69200.0,69220.0,69200.0,69210.0,2750540,149114.0,18698300000.0
2024-02-22 14:45:20,69210.0,69210.0,69200.0,69210.0,3029692,149135.0,18749100000.0
2024-02-22 14:46:00,69210.0,69220.0,69210.0,69210.0,2329200,149132.0,18769200000.0
2024-02-22 14:46:40,69210.0,69230.0,69210.0,69230.0,3257887,149214.0,18848800000.0
2024-02-22 14:47:20,69230.0,69230.0,69220.0,69230.0,3325244,149252.0,18896200000.0
2024-02-22 14:48:00,69230.0,69240.0,69220.0,69220.0,3605351,149261.0,18927400000.0
2024-02-22 14:48:40,69220.0,69240.0,69220.0,69230.0,3231619,149339.0,19003900000.0
2024-02-22 14:49:20,69230.0,69250.0,69230.0,69230.0,3684796,149483.0,19075200000.0
2024-02-22 14:50:00,69230.0,69250.0,69230.0,69230.0,3639494,149494.0,19108500000.0
2024-02-22 14:50:40,69230.0,69240.0,69220.0,69230.0,3037159,149482.0,19133000000.0
2024-02-22 14:51:20,69230.0,69230.0,69220.0,69230.0,2819195,149482.0,19148300000.0
2024-02-22 14:52:00,69230.0,69240.0,69230.0,69230.0,2215189,149570.0,19187700000.0
2024-02-22 14:52:40,69230.0,69260.0,69220.0,69250.0,3224503,149761.0,19332400000.0
2024-02-22 14:53:20,69250.0,69260.0,69250.0,69250.0,3352459,149794.0,19362900000.0
2024-02-22 14:54:00,69250.0,69250.0,69240.0,69240.0,3134738,149871.0,19396800000.0
2024-02-22 14:54:40,69250.0,69250.0,69230.0,69240.0,4097896,149985.0,19474000000.0
2024-02-22 14:55:20,69240.0,69250.0,69230.0,69240.0,3773997,150019.0,19527400000.0
2024-02-22 14:56:00,69240.0,69260.0,69240.0,69260.0,3782435,150060.0,19583500000.0
2024-02-22 14:56:40,69260.0,69260.0,69230.0,69240.0,3964753,150096.0,19634000000.0
2024-02-22 14:57:20,69240.0,69260.0,69240.0,69260.0,3747499,150060.0,19681100000.0
2024-02-22 14:58:00,69260.0,69270.0,69250.0,69270.0,3417324,150149.0,19775600000.0
2024-02-22 14:58:40,69270.0,69270.0,69240.0,69260.0,4481088,150429.0,19946400000.0
2024-02-22 14:59:20,69270.0,69270.0,69240.0,69240.0,4384879,150509.0,20002500000.0
2024-02-22 15:00:00,69240.0,69260.0,69240.0,69240.0,4342167,150573.0,20082100000.0
2024-02-22 15:00:40,69260.0,69260.0,69260.0,69260.0,116000,150574.0,20082400000.0
